task_id,event_id,title,owner_role,owner_actor_id,status,priority,dependency_ids,blocked_reason,next_owner_role,unblock_condition,canonical_output_refs,evidence_refs,handoff_id,independent_verifier_role,verifier_actor_id,human_gate,due_at,updated_at
BR-0001,EVT-00000000-001,Complete the first discovery record,RB-03,actor-rb-03,ready,P2,,,,,events/EVT-00000000-001-first-discovery.md,,,RB-12,actor-rb-12,,,
BR-0002,EVT-20260823-001,Triage idea,RB-02,actor-rb-02,done,P1,,,,,.product-ops/runtime/autopilot/product-runs/BR-0002-result.json,.product-ops/runtime/autopilot/product-runs/BR-0002-result.json|events/EVT-20260823-001-event.md|.product-ops/runtime/intake.json|product-ops.config.json,,RB-12,actor-rb-12,,,2026-08-23T13:04:43.084Z
BR-0003,EVT-20260823-001,Complete discovery,RB-03,actor-rb-03,done,P1,BR-0002,,,,.product-ops/runtime/autopilot/product-runs/BR-0003-result.json,.product-ops/runtime/autopilot/product-runs/BR-0003-result.json|events/EVT-20260823-001-event.md|.product-ops/runtime/intake.json|product-ops.config.json|workbook/07-idea-inbox.csv|جست‌وجوی بازگشتی Get-ChildItem برای *.xlsx، *.xls و *.csv در D:/Projects/BASU-Reservation در 2026-08-23|جست‌وجوی مستقل rg --files برای نام‌های رزرو، قیمت، *.xlsx و *.xls در D:/Projects/BASU-Reservation در 2026-08-23,,RB-12,actor-rb-12,,,2026-08-23T13:07:45.523Z
BR-0004,EVT-20260823-001,Prepare decision brief,RB-02,actor-rb-02,done,P1,BR-0003,,,,.product-ops/runtime/autopilot/product-runs/BR-0004-result.json,.product-ops/runtime/autopilot/product-runs/BR-0004-result.json|workbook/07-idea-inbox.csv#IDEA-20260823-001|workbook/08-discovery.csv#DSC-20260823-001|events/EVT-20260823-001-event.md|.product-ops/runtime/intake.json,,RB-12,actor-rb-12,,,2026-08-23T13:10:15.465Z
BR-0005,EVT-20260823-001,Update topology and impact,RB-04,actor-rb-04,ready,P1,BR-0004,,,,,,,RB-12,actor-rb-12,product_direction_or_priority,,2026-08-23T13:10:38.314Z
BR-0006,EVT-20260823-001,Create or disposition issue,RB-05,actor-rb-05,backlog,P1,BR-0005,,,,,,,RB-12,actor-rb-12,,,2026-08-23T12:48:13.857Z
BR-0007,EVT-20260823-001,Author delivery contract,RB-06,actor-rb-06,backlog,P1,BR-0006,,,,,,,RB-12,actor-rb-12,,,2026-08-23T12:48:13.857Z
BR-0008,EVT-20260823-001,Design validation,RB-07,actor-rb-07,backlog,P1,BR-0007,,,,,,,RB-12,actor-rb-12,,,2026-08-23T12:48:13.857Z
BR-0009,EVT-20260823-001,Audit assumptions and edges,RB-08,actor-rb-08,backlog,P1,BR-0007,,,,,,,RB-12,actor-rb-12,,,2026-08-23T12:48:13.857Z
BR-0010,EVT-20260823-001,Implement approved delivery,RB-13,actor-rb-13,backlog,P1,BR-0007,,,,,,,RB-12,actor-rb-12,,,2026-08-23T12:48:13.857Z
BR-0011,EVT-20260823-001,Execute QA and capture evidence,RB-09,actor-rb-09,backlog,P1,BR-0008|BR-0010,,,,,,,RB-12,actor-rb-12,,,2026-08-23T12:48:13.857Z
BR-0012,EVT-20260823-001,Apply controlled operational update,RB-10,actor-rb-10,backlog,P1,BR-0011,,,,,,,RB-12,actor-rb-12,,,2026-08-23T12:48:13.857Z
BR-0013,EVT-20260823-001,Independently verify material claims,RB-12,actor-rb-12,backlog,P1,BR-0012|BR-0009,,,,,,,RB-08,actor-rb-08,,,2026-08-23T12:48:13.857Z
BR-0014,EVT-20260823-001,Assess readiness and release,RB-11,actor-rb-11,backlog,P1,BR-0013,,,,,,,RB-12,actor-rb-12,,,2026-08-23T12:48:13.857Z
