lineage_edge_id,event_id,from_id,from_type,relationship,to_id,to_type,canonical_reference,created_at,created_by_role
<EDGE_ID>,<EVENT_ID>,<SOURCE_ID>,<SOURCE_TYPE>,<RELATIONSHIP>,<TARGET_ID>,<TARGET_TYPE>,<PATH_OR_ROW_REFERENCE>,<ISO-8601>,<ROLE_KEY>
LIN-20260823-001-001,EVT-20260823-001,INT-20260823-96EC199D,intake,routed_to,EVT-20260823-001,event,events/EVT-20260823-001,2026-08-23T12:48:13.857Z,RB-01
LIN-20260823-001-002,EVT-20260823-001,BR-0002,task,hands_off_to,BR-0003,task,taskboard/BR-0003,2026-08-23T12:48:13.857Z,RB-01
LIN-20260823-001-003,EVT-20260823-001,BR-0003,task,hands_off_to,BR-0004,task,taskboard/BR-0004,2026-08-23T12:48:13.857Z,RB-01
LIN-20260823-001-004,EVT-20260823-001,BR-0004,task,hands_off_to,BR-0005,task,taskboard/BR-0005,2026-08-23T12:48:13.857Z,RB-01
LIN-20260823-001-005,EVT-20260823-001,BR-0005,task,hands_off_to,BR-0006,task,taskboard/BR-0006,2026-08-23T12:48:13.857Z,RB-01
LIN-20260823-001-006,EVT-20260823-001,BR-0006,task,hands_off_to,BR-0007,task,taskboard/BR-0007,2026-08-23T12:48:13.857Z,RB-01
LIN-20260823-001-007,EVT-20260823-001,BR-0007,task,hands_off_to,BR-0008,task,taskboard/BR-0008,2026-08-23T12:48:13.857Z,RB-01
LIN-20260823-001-008,EVT-20260823-001,BR-0007,task,hands_off_to,BR-0009,task,taskboard/BR-0009,2026-08-23T12:48:13.857Z,RB-01
LIN-20260823-001-009,EVT-20260823-001,BR-0007,task,hands_off_to,BR-0010,task,taskboard/BR-0010,2026-08-23T12:48:13.857Z,RB-01
LIN-20260823-001-010,EVT-20260823-001,BR-0008,task,hands_off_to,BR-0011,task,taskboard/BR-0011,2026-08-23T12:48:13.857Z,RB-01
LIN-20260823-001-011,EVT-20260823-001,BR-0010,task,hands_off_to,BR-0011,task,taskboard/BR-0011,2026-08-23T12:48:13.857Z,RB-01
LIN-20260823-001-012,EVT-20260823-001,BR-0011,task,hands_off_to,BR-0012,task,taskboard/BR-0012,2026-08-23T12:48:13.857Z,RB-01
LIN-20260823-001-013,EVT-20260823-001,BR-0012,task,hands_off_to,BR-0013,task,taskboard/BR-0013,2026-08-23T12:48:13.857Z,RB-01
LIN-20260823-001-014,EVT-20260823-001,BR-0009,task,hands_off_to,BR-0013,task,taskboard/BR-0013,2026-08-23T12:48:13.857Z,RB-01
LIN-20260823-001-015,EVT-20260823-001,BR-0013,task,hands_off_to,BR-0014,task,taskboard/BR-0014,2026-08-23T12:48:13.857Z,RB-01
